{
  "ste": {
    "0.0": {
      "rec": 0.025658771882454554,
      "rec_std": 0.0001854944339949342,
      "entropy": 0.0,
      "entropy_std": 0.0,
      "dead": 15.0,
      "dead_std": 0.0,
      "angle": 0.14569553635661445,
      "angle_std": 0.001893208225259969,
      "km_entropy": 2.758570450891104,
      "km_dead": 0.0
    },
    "0.1": {
      "rec": 0.025518468762437505,
      "rec_std": 0.00017079299826897344,
      "entropy": 1.4753937323888142,
      "entropy_std": 0.7990625175150632,
      "dead": 8.0,
      "dead_std": 5.656854249492381,
      "angle": 1.321677083051479,
      "angle_std": 0.1654803516297985,
      "km_entropy": 2.7530128367198596,
      "km_dead": 0.0
    },
    "0.25": {
      "rec": 0.025396791771054267,
      "rec_std": 0.000207576842232249,
      "entropy": 2.6411449114481607,
      "entropy_std": 0.03823693079504509,
      "dead": 0.0,
      "dead_std": 0.0,
      "angle": 1.5546331518200214,
      "angle_std": 0.0008634208755952234,
      "km_entropy": 2.7529352259736917,
      "km_dead": 0.0
    },
    "0.5": {
      "rec": 0.025393138517936068,
      "rec_std": 0.00019795730569033734,
      "entropy": 2.6025123596191406,
      "entropy_std": 0.024458839530872203,
      "dead": 0.0,
      "dead_std": 0.0,
      "angle": 1.5585651539119734,
      "angle_std": 0.0019332045560709443,
      "km_entropy": 2.7529885681704163,
      "km_dead": 0.0
    },
    "1.0": {
      "rec": 0.02539789354801178,
      "rec_std": 0.00020530348359439095,
      "entropy": 2.6442176500956216,
      "entropy_std": 0.021324285530644357,
      "dead": 0.0,
      "dead_std": 0.0,
      "angle": 1.556341055149079,
      "angle_std": 0.001736803803505991,
      "km_entropy": 2.7505398950551516,
      "km_dead": 0.0
    }
  },
  "rotation": {
    "0.0": {
      "rec": 0.025649299656351408,
      "rec_std": 0.00018636255450581673,
      "entropy": 0.0,
      "entropy_std": 0.0,
      "dead": 15.0,
      "dead_std": 0.0,
      "angle": 0.15220101476922296,
      "angle_std": 0.0021700496688961774,
      "km_entropy": 2.7594818099715397,
      "km_dead": 0.0
    },
    "0.1": {
      "rec": 0.025435115392009416,
      "rec_std": 0.0002560067787761894,
      "entropy": 2.1057589054107666,
      "entropy_std": 0.7439650492551353,
      "dead": 3.6666666666666665,
      "dead_std": 5.185449728701348,
      "angle": 1.428379720046934,
      "angle_std": 0.1694023447799964,
      "km_entropy": 2.753210918564404,
      "km_dead": 0.0
    },
    "0.25": {
      "rec": 0.02538779447476069,
      "rec_std": 0.00021041357443498046,
      "entropy": 2.60168464978536,
      "entropy_std": 0.045608474596331855,
      "dead": 0.0,
      "dead_std": 0.0,
      "angle": 1.5556880046849837,
      "angle_std": 0.001564437485432043,
      "km_entropy": 2.751083970779405,
      "km_dead": 0.0
    },
    "0.5": {
      "rec": 0.02539078020552794,
      "rec_std": 0.00020219745230298962,
      "entropy": 2.617952903111776,
      "entropy_std": 0.04031125912399889,
      "dead": 0.0,
      "dead_std": 0.0,
      "angle": 1.5553693287147432,
      "angle_std": 0.0034990895496862994,
      "km_entropy": 2.7540000302408116,
      "km_dead": 0.0
    },
    "1.0": {
      "rec": 0.025393518214424454,
      "rec_std": 0.00019859025692145013,
      "entropy": 2.6347573598225913,
      "entropy_std": 0.026312923286868604,
      "dead": 0.0,
      "dead_std": 0.0,
      "angle": 1.5556788053824093,
      "angle_std": 0.004340144981389966,
      "km_entropy": 2.7521861194540187,
      "km_dead": 0.0
    }
  }
}