{
  "ste": {
    "4": {
      "rec": 0.02553660599887371,
      "rec_std": 0.00017579616834860888,
      "entropy": 1.3376352787017822,
      "entropy_std": 0.0630354944503597,
      "dead": 0.0,
      "dead_std": 0.0,
      "angle": 1.5477601939082024,
      "angle_std": 0.01371467714067545
    },
    "8": {
      "rec": 0.02545556270579497,
      "rec_std": 0.00021601110193169944,
      "entropy": 2.0006213982899985,
      "entropy_std": 0.05294776579592729,
      "dead": 0.0,
      "dead_std": 0.0,
      "angle": 1.5580048279802299,
      "angle_std": 0.0012857426558431986
    },
    "16": {
      "rec": 0.02540951395531495,
      "rec_std": 0.00022523901827730045,
      "entropy": 2.6500608126322427,
      "entropy_std": 0.019510390803171657,
      "dead": 0.0,
      "dead_std": 0.0,
      "angle": 1.5552660125581401,
      "angle_std": 0.0026036370077906637
    },
    "32": {
      "rec": 0.025370527520775798,
      "rec_std": 0.00019776089132844026,
      "entropy": 2.932194948196411,
      "entropy_std": 0.5163169672453817,
      "dead": 5.666666666666667,
      "dead_std": 8.013876853447538,
      "angle": 1.4435757597853496,
      "angle_std": 0.16009834157703842
    },
    "64": {
      "rec": 0.02536585155626138,
      "rec_std": 0.00021774653309737803,
      "entropy": 2.996729532877604,
      "entropy_std": 0.6224557176238745,
      "dead": 25.666666666666668,
      "dead_std": 18.153665072253467,
      "angle": 1.351500874202877,
      "angle_std": 0.1456935504051733
    }
  },
  "rotation": {
    "4": {
      "rec": 0.02551932450632254,
      "rec_std": 0.00019374692977964687,
      "entropy": 1.3737810055414836,
      "entropy_std": 0.0058513313156404985,
      "dead": 0.0,
      "dead_std": 0.0,
      "angle": 1.5617087448545899,
      "angle_std": 0.0006120265409463518
    },
    "8": {
      "rec": 0.025464531218012173,
      "rec_std": 0.00020596895523878562,
      "entropy": 2.032936970392863,
      "entropy_std": 0.013551868257752614,
      "dead": 0.0,
      "dead_std": 0.0,
      "angle": 1.5522153398985108,
      "angle_std": 0.009952229472520235
    },
    "16": {
      "rec": 0.02540351671973864,
      "rec_std": 0.00022100521324485879,
      "entropy": 2.644362131754557,
      "entropy_std": 0.030849829400081984,
      "dead": 0.0,
      "dead_std": 0.0,
      "angle": 1.5437573263982367,
      "angle_std": 0.01794721312440029
    },
    "32": {
      "rec": 0.025352900872627895,
      "rec_std": 0.00022182295836415685,
      "entropy": 3.248497486114502,
      "entropy_std": 0.0691171062923062,
      "dead": 0.0,
      "dead_std": 0.0,
      "angle": 1.5526868258999453,
      "angle_std": 0.0061107821473370995
    },
    "64": {
      "rec": 0.025317583953340852,
      "rec_std": 0.0002483951030059584,
      "entropy": 3.7732322216033936,
      "entropy_std": 0.1520406397708874,
      "dead": 3.0,
      "dead_std": 4.242640687119285,
      "angle": 1.5537905848031415,
      "angle_std": 0.0012076791932229241
    }
  }
}