{
  "val_rec": 0.025114864826202392,
  "angle": 1.5554846373345834,
  "entropy": 2.562587261199951,
  "dead": 0
}