{
  "val_rec": 0.02512637831270695,
  "angle": 1.5584509438837306,
  "entropy": 2.618838310241699,
  "dead": 0
}