{
  "config": {
    "D": 64,
    "rank": 6,
    "m": 4,
    "K": 16,
    "n_train": 5000,
    "n_eval": 1000,
    "steps": 50,
    "batch": 256,
    "alpha": 1.0,
    "beta": 0.25,
    "lrW": 0.08,
    "lrE": 0.2,
    "seed": 42,
    "outdir": "results_out"
  },
  "baseline": {
    "recon_mse": 2.9830213691509027,
    "in_sub_dist": 2.331890928677024,
    "usage_entropy": 2.7320576197796003,
    "dead_frac": 0.0
  },
  "autograd": null,
  "manual": {
    "recon_mse": 3.043480273737884,
    "in_sub_dist": 2.392475611466264,
    "usage_entropy": 2.7344525185023705,
    "dead_frac": 0.0
  }
}