{
  "ste": {
    "8": {
      "rec": 0.057501747873922184,
      "rec_std": 0.010868540423371506,
      "entropy": 0.22924313942591348,
      "entropy_std": 0.32419875685711325,
      "dead": 6.666666666666667,
      "dead_std": 0.4714045207910317,
      "codes_per_cluster": 1.0416666666666667,
      "purity": 0.16757785541752934
    },
    "16": {
      "rec": 0.05686554440855981,
      "rec_std": 0.009248929464693932,
      "entropy": 0.9028595288594564,
      "entropy_std": 0.326577404983106,
      "dead": 12.333333333333334,
      "dead_std": 0.9428090415820634,
      "codes_per_cluster": 1.3333333333333333,
      "purity": 0.6217497993923434
    },
    "32": {
      "rec": 0.05603095921377341,
      "rec_std": 0.009776025190029116,
      "entropy": 1.502680778503418,
      "entropy_std": 0.13268900993775753,
      "dead": 25.333333333333332,
      "dead_std": 1.699673171197595,
      "codes_per_cluster": 1.5,
      "purity": 0.7677356064759954
    }
  },
  "rotation": {
    "8": {
      "rec": 0.05732949551443259,
      "rec_std": 0.010415732408035828,
      "entropy": 0.25118011236190796,
      "entropy_std": 0.17761116075030406,
      "dead": 6.333333333333333,
      "dead_std": 0.4714045207910317,
      "codes_per_cluster": 1.0,
      "purity": 0.4226190476190476
    },
    "16": {
      "rec": 0.056005533580978706,
      "rec_std": 0.009728308163316228,
      "entropy": 1.1072182456652324,
      "entropy_std": 0.14378393546862497,
      "dead": 11.333333333333334,
      "dead_std": 1.247219128924647,
      "codes_per_cluster": 1.375,
      "purity": 0.6667920109655326
    },
    "32": {
      "rec": 0.05622647700955471,
      "rec_std": 0.009821045149246485,
      "entropy": 1.4903498888015747,
      "entropy_std": 0.21349662297927272,
      "dead": 25.0,
      "dead_std": 2.160246899469287,
      "codes_per_cluster": 1.5416666666666667,
      "purity": 0.7946708527729159
    }
  }
}