{
  "val_rec": [
    0.02513373114168644,
    0.025134191170334816,
    0.025136202707886697,
    0.025146252498030663,
    0.025146541535854338,
    0.02514914062619209,
    0.02514304932951927,
    0.025135341748595236,
    0.025128275230526922,
    0.02511530573666096,
    0.025113016217947006,
    0.025112631812691688,
    0.025110610812902452,
    0.025104241222143175,
    0.025100194066762924,
    0.025097473710775375,
    0.025101832121610643,
    0.025120712444186212,
    0.025120160445570947,
    0.02511540135741234,
    0.025123950093984604,
    0.02512526413798332,
    0.02512650713324547,
    0.025132638722658158,
    0.025122031435370444,
    0.025120473235845566,
    0.025129717826843263,
    0.025127731814980507,
    0.02512561735510826,
    0.025133332639932632,
    0.025134426698088647,
    0.02513412144780159,
    0.02513296391069889,
    0.025122815474867822,
    0.02512811331450939,
    0.025139387533068658,
    0.025134137734770776,
    0.025133040219545363,
    0.0251271792948246,
    0.02511621156334877,
    0.0251117180287838,
    0.025125664994120597,
    0.02512751139700413,
    0.02511997565627098,
    0.025126209631562233,
    0.02511844588816166,
    0.02512283104658127,
    0.025130853399634362,
    0.025127085745334624,
    0.025119343891739844,
    0.025117244035005568,
    0.025114613980054854,
    0.025126615777611733,
    0.02512691044807434,
    0.025128789633512498,
    0.02512905040383339,
    0.025124584704637527,
    0.025128763645887373,
    0.025125128611922263,
    0.025114864826202392
  ],
  "angle": [
    1.5449108659473463,
    1.5565615157566455,
    1.5581480369677225,
    1.561285191881125,
    1.55830321032717,
    1.5548868725667444,
    1.5601250089790515,
    1.5610318728303492,
    1.5562548600266648,
    1.558852294039951,
    1.5577668498933352,
    1.5590047633458144,
    1.5607376400169832,
    1.5597562027310166,
    1.5618588730829948,
    1.5522899937190682,
    1.5609391593355133,
    1.5599688173197588,
    1.559714542765658,
    1.554860328272664,
    1.5564210655545392,
    1.5603514929876592,
    1.5583630811135691,
    1.5539979346164088,
    1.5599654873062376,
    1.5602525872863717,
    1.557302608470389,
    1.5546891704905157,
    1.5598128054808944,
    1.5534921114944793,
    1.561865908744112,
    1.562287866992706,
    1.5587681535239086,
    1.552668965566868,
    1.5588024049936873,
    1.5571787831885198,
    1.5579524458500091,
    1.56099182343717,
    1.558881271458069,
    1.5483519123613259,
    1.5450490590169355,
    1.5487947028881754,
    1.5594739701827738,
    1.5560182875394826,
    1.5603717024460761,
    1.5615087293015635,
    1.558601120227091,
    1.5593208734624413,
    1.5617357940474437,
    1.561173207579098,
    1.5569979255163453,
    1.558769660780074,
    1.55543516756316,
    1.5582824098943853,
    1.556878821244656,
    1.5582014394461823,
    1.556582450029469,
    1.5554784254026468,
    1.562462775970722,
    1.5554846373345834
  ],
  "entropy": [
    2.618358612060547,
    2.6852846145629883,
    2.6846461296081543,
    2.6812503337860107,
    2.657991409301758,
    2.6232380867004395,
    2.5974369049072266,
    2.5928759574890137,
    2.585252523422241,
    2.5848066806793213,
    2.573404312133789,
    2.5715746879577637,
    2.5601558685302734,
    2.561399221420288,
    2.5424883365631104,
    2.547651529312134,
    2.546349048614502,
    2.5555479526519775,
    2.553973913192749,
    2.548738956451416,
    2.5510761737823486,
    2.545501470565796,
    2.5469560623168945,
    2.554062843322754,
    2.5532402992248535,
    2.558023452758789,
    2.55910062789917,
    2.58427095413208,
    2.5852129459381104,
    2.5796260833740234,
    2.590005397796631,
    2.5934596061706543,
    2.609750509262085,
    2.6068520545959473,
    2.6349143981933594,
    2.613687515258789,
    2.6227335929870605,
    2.6157636642456055,
    2.6320250034332275,
    2.600971221923828,
    2.619577407836914,
    2.6355319023132324,
    2.6072118282318115,
    2.604900598526001,
    2.629840850830078,
    2.6195874214172363,
    2.635239839553833,
    2.6413803100585938,
    2.613053798675537,
    2.5953965187072754,
    2.5795981884002686,
    2.5666821002960205,
    2.6167023181915283,
    2.613852024078369,
    2.621112108230591,
    2.6296000480651855,
    2.6052756309509277,
    2.594175338745117,
    2.587325096130371,
    2.562587261199951
  ],
  "dead": [
    0,
    0,
    0,
    0,
    0,
    0,
    1,
    1,
    1,
    1,
    1,
    1,
    0,
    0,
    0,
    0,
    0,
    0,
    0,
    0,
    0,
    0,
    0,
    0,
    0,
    0,
    0,
    0,
    0,
    0,
    0,
    0,
    0,
    0,
    0,
    0,
    0,
    0,
    0,
    0,
    0,
    0,
    0,
    0,
    0,
    0,
    0,
    0,
    0,
    0,
    0,
    0,
    0,
    0,
    0,
    0,
    0,
    0,
    0,
    0
  ]
}