{
  "8": {
    "baseline": {
      "recon_mse": 3.899100439490962,
      "in_sub_dist": 3.2182502078293087,
      "usage_entropy": 2.070362069092205,
      "dead_frac": 0.0
    },
    "manual_ste": {
      "recon_mse": 3.8945945411553806,
      "in_sub_dist": 3.2138325383995414,
      "usage_entropy": 2.0715604496130844,
      "dead_frac": 0.0
    },
    "rotation": {
      "recon_mse": 3.9004598281652134,
      "in_sub_dist": 3.21912864583857,
      "usage_entropy": 2.0662019418521154,
      "dead_frac": 0.0
    }
  },
  "16": {
    "baseline": {
      "recon_mse": 3.063223898857452,
      "in_sub_dist": 2.3823736671957993,
      "usage_entropy": 2.761188183676439,
      "dead_frac": 0.0
    },
    "manual_ste": {
      "recon_mse": 3.047103322735132,
      "in_sub_dist": 2.366168763254542,
      "usage_entropy": 2.756973962678387,
      "dead_frac": 0.0
    },
    "rotation": {
      "recon_mse": 3.067041023152479,
      "in_sub_dist": 2.3857555260110086,
      "usage_entropy": 2.7586043999502223,
      "dead_frac": 0.0
    }
  },
  "32": {
    "baseline": {
      "recon_mse": 2.4893438731391004,
      "in_sub_dist": 1.8084936414774484,
      "usage_entropy": 3.4315907061939197,
      "dead_frac": 0.0
    },
    "manual_ste": {
      "recon_mse": 2.4469712397481334,
      "in_sub_dist": 1.7661509768934163,
      "usage_entropy": 3.4295172355593895,
      "dead_frac": 0.0
    },
    "rotation": {
      "recon_mse": 2.4493625048606837,
      "in_sub_dist": 1.7683635599640999,
      "usage_entropy": 3.433748417236143,
      "dead_frac": 0.0
    }
  },
  "64": {
    "baseline": {
      "recon_mse": 2.0131267416639744,
      "in_sub_dist": 1.3322765100023224,
      "usage_entropy": 4.106313894766667,
      "dead_frac": 0.0
    },
    "manual_ste": {
      "recon_mse": 2.0006552802493536,
      "in_sub_dist": 1.3198417949988943,
      "usage_entropy": 4.102575961859396,
      "dead_frac": 0.0
    },
    "rotation": {
      "recon_mse": 2.0071551732790254,
      "in_sub_dist": 1.3259324460156454,
      "usage_entropy": 4.096915036692485,
      "dead_frac": 0.0
    }
  }
}