{
  "baseline": {
    "recon_mse": 2.4893438731391004,
    "in_sub_dist": 1.8084936414774484,
    "usage_entropy": 3.4315907061939197,
    "dead_frac": 0.0
  },
  "autograd_ste": {
    "recon_mse": 2.447460872269993,
    "in_sub_dist": 1.7659461413403656,
    "usage_entropy": 3.4344460670423507,
    "dead_frac": 0.0
  },
  "manual_ste": {
    "recon_mse": 2.457706157236823,
    "in_sub_dist": 1.776230258913517,
    "usage_entropy": 3.426160067338731,
    "dead_frac": 0.0
  },
  "rotation": {
    "recon_mse": 2.4478942893843842,
    "in_sub_dist": 1.7664586842781649,
    "usage_entropy": 3.4332283978220737,
    "dead_frac": 0.0
  }
}