{
  "scaling": {
    "ste": {
      "4": {
        "rec": 0.02553660599887371,
        "rec_std": 0.00017579616834860888,
        "entropy": 1.3376352787017822,
        "entropy_std": 0.0630354944503597,
        "dead": 0.0,
        "dead_std": 0.0,
        "angle": 1.5477601939082024,
        "angle_std": 0.01371467714067545
      },
      "8": {
        "rec": 0.02545556270579497,
        "rec_std": 0.00021601110193169944,
        "entropy": 2.0006213982899985,
        "entropy_std": 0.05294776579592729,
        "dead": 0.0,
        "dead_std": 0.0,
        "angle": 1.5580048279802299,
        "angle_std": 0.0012857426558431986
      },
      "16": {
        "rec": 0.02540951395531495,
        "rec_std": 0.00022523901827730045,
        "entropy": 2.6500608126322427,
        "entropy_std": 0.019510390803171657,
        "dead": 0.0,
        "dead_std": 0.0,
        "angle": 1.5552660125581401,
        "angle_std": 0.0026036370077906637
      },
      "32": {
        "rec": 0.025370527520775798,
        "rec_std": 0.00019776089132844026,
        "entropy": 2.932194948196411,
        "entropy_std": 0.5163169672453817,
        "dead": 5.666666666666667,
        "dead_std": 8.013876853447538,
        "angle": 1.4435757597853496,
        "angle_std": 0.16009834157703842
      },
      "64": {
        "rec": 0.02536585155626138,
        "rec_std": 0.00021774653309737803,
        "entropy": 2.996729532877604,
        "entropy_std": 0.6224557176238745,
        "dead": 25.666666666666668,
        "dead_std": 18.153665072253467,
        "angle": 1.351500874202877,
        "angle_std": 0.1456935504051733
      }
    },
    "rotation": {
      "4": {
        "rec": 0.02551932450632254,
        "rec_std": 0.00019374692977964687,
        "entropy": 1.3737810055414836,
        "entropy_std": 0.0058513313156404985,
        "dead": 0.0,
        "dead_std": 0.0,
        "angle": 1.5617087448545899,
        "angle_std": 0.0006120265409463518
      },
      "8": {
        "rec": 0.025464531218012173,
        "rec_std": 0.00020596895523878562,
        "entropy": 2.032936970392863,
        "entropy_std": 0.013551868257752614,
        "dead": 0.0,
        "dead_std": 0.0,
        "angle": 1.5522153398985108,
        "angle_std": 0.009952229472520235
      },
      "16": {
        "rec": 0.02540351671973864,
        "rec_std": 0.00022100521324485879,
        "entropy": 2.644362131754557,
        "entropy_std": 0.030849829400081984,
        "dead": 0.0,
        "dead_std": 0.0,
        "angle": 1.5437573263982367,
        "angle_std": 0.01794721312440029
      },
      "32": {
        "rec": 0.025352900872627895,
        "rec_std": 0.00022182295836415685,
        "entropy": 3.248497486114502,
        "entropy_std": 0.0691171062923062,
        "dead": 0.0,
        "dead_std": 0.0,
        "angle": 1.5526868258999453,
        "angle_std": 0.0061107821473370995
      },
      "64": {
        "rec": 0.025317583953340852,
        "rec_std": 0.0002483951030059584,
        "entropy": 3.7732322216033936,
        "entropy_std": 0.1520406397708874,
        "dead": 3.0,
        "dead_std": 4.242640687119285,
        "angle": 1.5537905848031415,
        "angle_std": 0.0012076791932229241
      }
    }
  },
  "noise": {
    "ste": {
      "0.0": {
        "rec": 0.01557343629002571,
        "rec_std": 0.00026243869511130373,
        "entropy": 1.6950145761171977,
        "entropy_std": 0.6677936033727717,
        "dead": 6.333333333333333,
        "dead_std": 4.109609335312651,
        "angle": 1.3918978314880057,
        "angle_std": 0.12635080688466657
      },
      "0.05": {
        "rec": 0.018035452783107756,
        "rec_std": 0.00020953646371400014,
        "entropy": 2.4777838389078775,
        "entropy_std": 0.04657051842375566,
        "dead": 0.0,
        "dead_std": 0.0,
        "angle": 1.5625509356511487,
        "angle_std": 0.0012641737648817182
      },
      "0.1": {
        "rec": 0.025396791771054267,
        "rec_std": 0.000207576842232249,
        "entropy": 2.6411449114481607,
        "entropy_std": 0.03823693079504509,
        "dead": 0.0,
        "dead_std": 0.0,
        "angle": 1.5546331518200214,
        "angle_std": 0.0008634208755952234
      },
      "0.2": {
        "rec": 0.0550450306336085,
        "rec_std": 0.00018103174730104926,
        "entropy": 2.7494484583536782,
        "entropy_std": 0.009625937979820504,
        "dead": 0.0,
        "dead_std": 0.0,
        "angle": 1.553021165847932,
        "angle_std": 0.0033721375691034548
      },
      "0.3": {
        "rec": 0.10450017565488816,
        "rec_std": 0.00013376044284337538,
        "entropy": 2.762089570363363,
        "entropy_std": 0.003729786201188757,
        "dead": 0.0,
        "dead_std": 0.0,
        "angle": 1.5490044733653632,
        "angle_std": 0.003575298654307172
      }
    },
    "rotation": {
      "0.0": {
        "rec": 0.015516620911657808,
        "rec_std": 0.00020155525828661675,
        "entropy": 2.1686606804529824,
        "entropy_std": 0.28401580889361416,
        "dead": 2.6666666666666665,
        "dead_std": 2.3570226039551585,
        "angle": 1.469557440245304,
        "angle_std": 0.13328320292925477
      },
      "0.05": {
        "rec": 0.018036603212356565,
        "rec_std": 0.00021084358854104882,
        "entropy": 2.4324957529703775,
        "entropy_std": 0.009004614708713615,
        "dead": 0.0,
        "dead_std": 0.0,
        "angle": 1.5581537930236287,
        "angle_std": 0.0012744284603534068
      },
      "0.1": {
        "rec": 0.02538779447476069,
        "rec_std": 0.00021041357443498046,
        "entropy": 2.60168464978536,
        "entropy_std": 0.045608474596331855,
        "dead": 0.0,
        "dead_std": 0.0,
        "angle": 1.5556880046849837,
        "angle_std": 0.001564437485432043
      },
      "0.2": {
        "rec": 0.055046199301878616,
        "rec_std": 0.00017586399647743174,
        "entropy": 2.7432557741800943,
        "entropy_std": 0.011357372125855523,
        "dead": 0.0,
        "dead_std": 0.0,
        "angle": 1.552022302138014,
        "angle_std": 0.000694593521597083
      },
      "0.3": {
        "rec": 0.10450162500143051,
        "rec_std": 0.00012778400495586147,
        "entropy": 2.7651395003000894,
        "entropy_std": 0.001421005004593049,
        "dead": 0.0,
        "dead_std": 0.0,
        "angle": 1.5503298793479638,
        "angle_std": 0.00311332454831134
      }
    }
  },
  "commitment": {
    "ste": {
      "0.0": {
        "rec": 0.025658771882454554,
        "rec_std": 0.0001854944339949342,
        "entropy": 0.0,
        "entropy_std": 0.0,
        "dead": 15.0,
        "dead_std": 0.0,
        "angle": 0.14569553635661445,
        "angle_std": 0.001893208225259969,
        "km_entropy": 2.758570450891104,
        "km_dead": 0.0
      },
      "0.1": {
        "rec": 0.025518468762437505,
        "rec_std": 0.00017079299826897344,
        "entropy": 1.4753937323888142,
        "entropy_std": 0.7990625175150632,
        "dead": 8.0,
        "dead_std": 5.656854249492381,
        "angle": 1.321677083051479,
        "angle_std": 0.1654803516297985,
        "km_entropy": 2.7530128367198596,
        "km_dead": 0.0
      },
      "0.25": {
        "rec": 0.025396791771054267,
        "rec_std": 0.000207576842232249,
        "entropy": 2.6411449114481607,
        "entropy_std": 0.03823693079504509,
        "dead": 0.0,
        "dead_std": 0.0,
        "angle": 1.5546331518200214,
        "angle_std": 0.0008634208755952234,
        "km_entropy": 2.7529352259736917,
        "km_dead": 0.0
      },
      "0.5": {
        "rec": 0.025393138517936068,
        "rec_std": 0.00019795730569033734,
        "entropy": 2.6025123596191406,
        "entropy_std": 0.024458839530872203,
        "dead": 0.0,
        "dead_std": 0.0,
        "angle": 1.5585651539119734,
        "angle_std": 0.0019332045560709443,
        "km_entropy": 2.7529885681704163,
        "km_dead": 0.0
      },