{
  "ste": {
    "0.0": {
      "rec": 0.01557343629002571,
      "rec_std": 0.00026243869511130373,
      "entropy": 1.6950145761171977,
      "entropy_std": 0.6677936033727717,
      "dead": 6.333333333333333,
      "dead_std": 4.109609335312651,
      "angle": 1.3918978314880057,
      "angle_std": 0.12635080688466657
    },
    "0.05": {
      "rec": 0.018035452783107756,
      "rec_std": 0.00020953646371400014,
      "entropy": 2.4777838389078775,
      "entropy_std": 0.04657051842375566,
      "dead": 0.0,
      "dead_std": 0.0,
      "angle": 1.5625509356511487,
      "angle_std": 0.0012641737648817182
    },
    "0.1": {
      "rec": 0.025396791771054267,
      "rec_std": 0.000207576842232249,
      "entropy": 2.6411449114481607,
      "entropy_std": 0.03823693079504509,
      "dead": 0.0,
      "dead_std": 0.0,
      "angle": 1.5546331518200214,
      "angle_std": 0.0008634208755952234
    },
    "0.2": {
      "rec": 0.0550450306336085,
      "rec_std": 0.00018103174730104926,
      "entropy": 2.7494484583536782,
      "entropy_std": 0.009625937979820504,
      "dead": 0.0,
      "dead_std": 0.0,
      "angle": 1.553021165847932,
      "angle_std": 0.0033721375691034548
    },
    "0.3": {
      "rec": 0.10450017565488816,
      "rec_std": 0.00013376044284337538,
      "entropy": 2.762089570363363,
      "entropy_std": 0.003729786201188757,
      "dead": 0.0,
      "dead_std": 0.0,
      "angle": 1.5490044733653632,
      "angle_std": 0.003575298654307172
    }
  },
  "rotation": {
    "0.0": {
      "rec": 0.015516620911657808,
      "rec_std": 0.00020155525828661675,
      "entropy": 2.1686606804529824,
      "entropy_std": 0.28401580889361416,
      "dead": 2.6666666666666665,
      "dead_std": 2.3570226039551585,
      "angle": 1.469557440245304,
      "angle_std": 0.13328320292925477
    },
    "0.05": {
      "rec": 0.018036603212356565,
      "rec_std": 0.00021084358854104882,
      "entropy": 2.4324957529703775,
      "entropy_std": 0.009004614708713615,
      "dead": 0.0,
      "dead_std": 0.0,
      "angle": 1.5581537930236287,
      "angle_std": 0.0012744284603534068
    },
    "0.1": {
      "rec": 0.02538779447476069,
      "rec_std": 0.00021041357443498046,
      "entropy": 2.60168464978536,
      "entropy_std": 0.045608474596331855,
      "dead": 0.0,
      "dead_std": 0.0,
      "angle": 1.5556880046849837,
      "angle_std": 0.001564437485432043
    },
    "0.2": {
      "rec": 0.055046199301878616,
      "rec_std": 0.00017586399647743174,
      "entropy": 2.7432557741800943,
      "entropy_std": 0.011357372125855523,
      "dead": 0.0,
      "dead_std": 0.0,
      "angle": 1.552022302138014,
      "angle_std": 0.000694593521597083
    },
    "0.3": {
      "rec": 0.10450162500143051,
      "rec_std": 0.00012778400495586147,
      "entropy": 2.7651395003000894,
      "entropy_std": 0.001421005004593049,
      "dead": 0.0,
      "dead_std": 0.0,
      "angle": 1.5503298793479638,
      "angle_std": 0.00311332454831134
    }
  }
}