{
  "val_rec": [
    0.025137928813695906,
    0.025128794342279433,
    0.025135616704821586,
    0.025144264832139017,
    0.0251509615033865,
    0.02514017403125763,
    0.025143178686499595,
    0.02513680398464203,
    0.025140782818198204,
    0.025139091044664382,
    0.02514095462858677,
    0.025128913298249244,
    0.025128316059708597,
    0.025124676823616028,
    0.025118012964725496,
    0.025130681559443473,
    0.025131912663578986,
    0.025129767671227456,
    0.025117627173662185,
    0.025125202909111976,
    0.02513231012225151,
    0.02512331287562847,
    0.025123834028840063,
    0.025124743267893792,
    0.02512602624297142,
    0.025121338456869126,
    0.025132646307349207,
    0.025123559609055518,
    0.025112183779478072,
    0.025134580954909325,
    0.0251349413394928,
    0.025127056658267973,
    0.025129233196377755,
    0.02512240344285965,
    0.025128446385264396,
    0.025129179954528808,
    0.025129711583256723,
    0.025132378473877906,
    0.02512688185274601,
    0.025127459898591043,
    0.025128498882055282,
    0.025139250054955483,
    0.0251353859603405,
    0.025130870178341865,
    0.025138741478323935,
    0.02513711667060852,
    0.0251349012106657,
    0.025127768129110335,
    0.025127863213419914,
    0.025117390125989913,
    0.025130569964647295,
    0.025128871083259584,
    0.02513448575139046,
    0.025136760026216506,
    0.02513222590088844,
    0.025132970467209817,
    0.025133242055773736,
    0.025129052132368088,
    0.0251324265897274,
    0.02512637831270695
  ],
  "angle": [
    1.5451532782213064,
    1.5459361336148096,
    1.5598102450082796,
    1.559444908405098,
    1.5620735668642127,
    1.5555996416504594,
    1.5588340384554242,
    1.5561793211980692,
    1.5589453183791688,
    1.559790517470799,
    1.561818174320554,
    1.5591648695476008,
    1.5596144473855444,
    1.559651965737424,
    1.55730334299489,
    1.5584442853330231,
    1.5583265152850119,
    1.556839574571177,
    1.5587097441764683,
    1.5575605019384127,
    1.5600639764032231,
    1.5574695236285914,
    1.5594236032194617,
    1.556562764703598,
    1.557897118966461,
    1.561455566908953,
    1.5490941736597645,
    1.5456668000974585,
    1.5544400763824142,
    1.5517230717683013,
    1.5575664858525644,
    1.555472688847378,
    1.5562111609348506,
    1.5551737407769355,
    1.56303331435712,
    1.558725442847335,
    1.5612690149602877,
    1.5609357926530043,
    1.5610983132335243,
    1.556261708944278,
    1.5573661207050433,
    1.55802786286979,
    1.5587228888319178,
    1.5588860192622511,
    1.5580259353788148,
    1.55887724011528,
    1.5603289268560434,
    1.5583257936063195,
    1.5589446085049738,
    1.5558901590187075,
    1.5559242373667854,
    1.556665563134817,
    1.5577662627367252,
    1.5600085764004503,
    1.5590324719511544,
    1.5603961338051127,
    1.5586501890750186,
    1.5573113322294712,
    1.5610845907872641,
    1.5584509438837306
  ],
  "entropy": [
    2.6056935787200928,
    2.692617177963257,
    2.682199001312256,
    2.692016124725342,
    2.687216281890869,
    2.6798458099365234,
    2.6444921493530273,
    2.59675931930542,
    2.5767791271209717,
    2.556662082672119,
    2.5653622150421143,
    2.561944007873535,
    2.5803897380828857,
    2.5789623260498047,
    2.5732150077819824,
    2.588024377822876,
    2.579070568084717,
    2.5892908573150635,
    2.57674241065979,
    2.5912463665008545,
    2.5875284671783447,
    2.5867042541503906,
    2.5986526012420654,
    2.593113422393799,
    2.5950753688812256,
    2.5942165851593018,
    2.5820391178131104,
    2.5836775302886963,
    2.5810141563415527,
    2.6024227142333984,
    2.6027910709381104,
    2.593142032623291,
    2.5934219360351562,
    2.598900079727173,
    2.596727132797241,
    2.5797457695007324,
    2.6006431579589844,
    2.6053848266601562,
    2.586735248565674,
    2.5965752601623535,
    2.5930895805358887,
    2.604065179824829,
    2.6054911613464355,
    2.590017557144165,
    2.599985122680664,
    2.6029179096221924,
    2.6015543937683105,
    2.598148822784424,
    2.5984573364257812,
    2.595848560333252,
    2.6052846908569336,
    2.5992984771728516,
    2.6086065769195557,
    2.5975871086120605,
    2.5987210273742676,
    2.6068530082702637,
    2.6125476360321045,
    2.616391181945801,
    2.615842342376709,
    2.618838310241699
  ],
  "dead": [
    0,
    0,
    0,
    0,
    0,
    0,
    0,
    0,
    1,
    1,
    1,
    1,
    0,
    0,
    0,
    0,
    0,
    0,
    0,
    0,
    0,
    0,
    0,
    0,
    0,
    0,
    0,
    0,
    0,
    0,
    0,
    0,
    0,
    0,
    0,
    0,
    0,
    0,
    0,
    0,
    0,
    0,
    0,
    0,
    0,
    0,
    0,
    0,
    0,
    0,
    0,
    0,
    0,
    0,
    0,
    0,
    0,
    0,
    0,
    0
  ]
}